patron_id,patron_name,patron_address,registration_date
101,Hillary Adams,4 Beech Street,2/28/2023
102,Saniyah Howard,8679 Cooper Street,12/31/2013
103,Mia Vasquez,10 Monroe Street,9/5/2021
104,Giancarlo Mendez,9719 Arlington Avenue,3/14/2020
105,Teagan Rodriguez,356 Oxford Court,7/7/2024
106,Xiomara Keith,8654 Central Avenue,9/27/2014
107,Danielle Dennis,7490 Elm Avenue,7/29/2012
108,Tamia Fernandez,9854 Laurel Drive,1/5/2023
109,Javier Dougherty,7053 Colonial Avenue,1/2/2021
110,Davion Howard,8931 Oxford Road,10/31/2011
111,Cannon Maxwell,3 Hawthorne Lane,4/12/2019
112,Jamal Jarvis,533 Valley View Road,2/24/2017
